,fpr,tpr,th
0,0.0,0.0007541478129713424,0.9966861225006378
1,0.0,0.0015082956259426848,0.9960750120895423
2,0.0,0.0022624434389140274,0.9956709812708998
3,0.0,0.0030165912518853697,0.9949676357313022
4,0.0,0.003770739064856712,0.9949148375884161
5,0.0,0.004524886877828055,0.9948295271586902
6,0.0,0.005279034690799397,0.9946860270063623
7,0.0,0.006033182503770739,0.9946183541812751
8,0.0,0.006787330316742082,0.994412492497809
9,0.0,0.007541478129713424,0.9944034485955334
10,0.0,0.008295625942684766,0.9942168494452502
11,0.0,0.00904977375565611,0.9941841637286368
12,0.0,0.00980392156862745,0.9940871029174307
13,0.0,0.010558069381598794,0.9940821638667372
14,0.0,0.011312217194570135,0.9940192230479976
15,0.0,0.012066365007541479,0.9938234151866232
16,0.0,0.01282051282051282,0.9937732056241795
17,0.0,0.013574660633484163,0.9936824480466329
18,0.0,0.014328808446455505,0.9936516018306895
19,0.0,0.015082956259426848,0.9936312937655088
20,0.0,0.01583710407239819,0.9935654446487691
21,0.0,0.016591251885369532,0.9935554187809461
22,0.0,0.017345399698340876,0.993410811655505
23,0.0,0.01885369532428356,0.9933644998074207
24,0.0,0.0196078431372549,0.9933171940252927
25,0.0,0.020361990950226245,0.9932577571601086
26,0.0,0.021116138763197588,0.9929967114896031
27,0.0,0.021870286576168928,0.9929773524900316
28,0.0,0.02262443438914027,0.9929500069931219
29,0.0,0.023378582202111614,0.9925708639508694
30,0.0,0.024132730015082957,0.9924728733732335
31,0.0,0.024886877828054297,0.9923701844841382
32,0.0,0.02564102564102564,0.9922946966354658
33,0.0,0.026395173453996983,0.9922384779252857
34,0.0,0.027149321266968326,0.9921812733147574
35,0.0,0.02790346907993967,0.9921607446486831
36,0.0,0.02865761689291101,0.9921482052018982
37,0.0,0.029411764705882353,0.992104653571612
38,0.0,0.030165912518853696,0.9920678613943438
39,0.0,0.03167420814479638,0.9920354429309366
40,0.0,0.032428355957767725,0.9919764435885539
41,0.0,0.033182503770739065,0.9919199172962301
42,0.0,0.033936651583710405,0.9918251159556408
43,0.0,0.03469079939668175,0.9918226088075366
44,0.0,0.03544494720965309,0.9916519156688145
45,0.0,0.03619909502262444,0.9916145651662523
46,0.0,0.03695324283559578,0.9915558800603934
47,0.0,0.038461538461538464,0.9915214339101028
48,0.0,0.0392156862745098,0.9914544696771348
49,0.0,0.04072398190045249,0.9913764742490689
50,0.0,0.042232277526395176,0.9912351879268663
51,0.0,0.042986425339366516,0.9911805189869097
52,0.0,0.043740573152337855,0.990955148047325
53,0.0,0.04675716440422323,0.9908643185775512
54,0.0,0.04751131221719457,0.9908145025646137
55,0.0,0.048265460030165915,0.9907582123961413
56,0.0,0.049019607843137254,0.9906296172041466
57,0.0,0.049773755656108594,0.9905483767227169
58,0.0,0.05052790346907994,0.9905458496318553
59,0.0,0.05128205128205128,0.9905367446744486
60,0.0,0.05203619909502263,0.9904700704652165
61,0.0,0.05279034690799397,0.9903895247760108
62,0.0,0.053544494720965306,0.9903610842342269
63,0.0,0.05505279034690799,0.9903605705029248
64,0.0,0.05580693815987934,0.9902771537331555
65,0.0,0.05656108597285068,0.9902672033521498
66,0.0,0.058069381598793365,0.9901595150263099
67,0.0,0.058823529411764705,0.9901435220036632
68,0.0,0.05957767722473605,0.9900650134573569
69,0.0,0.06108597285067873,0.9900193765274353
70,0.0,0.06184012066365008,0.9899829026062312
71,0.0,0.06259426847662142,0.9898170284696911
72,0.0,0.06561085972850679,0.9897516120105726
73,0.0,0.06636500754147813,0.9896615367563929
74,0.0,0.06711915535444947,0.9895685883205056
75,0.0,0.06787330316742081,0.9895591556332287
76,0.0,0.06862745098039216,0.9895350050600646
77,0.0,0.0693815987933635,0.9894876534317536
78,0.0,0.07013574660633484,0.9894857475950386
79,0.0,0.07088989441930618,0.989458263629455
80,0.0,0.07164404223227752,0.9894458545298852
81,0.0,0.07239819004524888,0.9894361192552593
82,0.0,0.07390648567119155,0.989428700133332
83,0.0,0.0746606334841629,0.9893890493435797
84,0.0,0.07541478129713423,0.9893751444695393
85,0.0,0.07616892911010557,0.9893541263933634
86,0.0,0.07692307692307693,0.9893186439140695
87,0.0,0.07767722473604827,0.9893160357193755
88,0.0,0.0784313725490196,0.9892994871124274
89,0.0,0.07918552036199095,0.9892849389703492
90,0.0,0.08069381598793364,0.9892538808392968
91,0.0,0.08144796380090498,0.9892429179441683
92,0.0,0.08220211161387632,0.9891513456019652
93,0.0,0.08295625942684766,0.9891279728787419
94,0.0,0.083710407239819,0.989043944937897
95,0.0,0.08446455505279035,0.9890374144560949
96,0.0,0.08672699849170437,0.9890307689762573
97,0.0,0.08823529411764706,0.9890067539503906
98,0.0,0.0889894419306184,0.9889797033035582
99,0.0,0.08974358974358974,0.9889424333185596
100,0.0,0.09049773755656108,0.9889042557770399
101,0.0,0.09125188536953242,0.9888948728150017
102,0.0,0.09200603318250378,0.988879637554929
103,0.0,0.09276018099547512,0.9888683384499656
104,0.0,0.09351432880844646,0.9888211704289087
105,0.0,0.0942684766214178,0.9887648062742288
106,0.0,0.09502262443438914,0.98874804121642
107,0.0,0.09577677224736049,0.9887466657231561
108,0.0,0.09653092006033183,0.9887133912573584
109,0.0,0.09728506787330317,0.9886669463297563
110,0.0,0.09803921568627451,0.9885886890469404
111,0.0,0.09879336349924585,0.988586651835574
112,0.0,0.09954751131221719,0.9885803960325569
113,0.0,0.10030165912518854,0.988537438768296
114,0.0,0.10105580693815988,0.9885074127298181
115,0.0,0.10256410256410256,0.9884993783061541
116,0.0,0.1033182503770739,0.9884607019951704
117,0.0,0.10407239819004525,0.9883866219219791
118,0.0,0.10558069381598793,0.9883331741171041
119,0.0,0.10633484162895927,0.9883295824759168
120,0.0,0.10708898944193061,0.9882993523032411
121,0.0,0.10784313725490197,0.9882908400195975
122,0.0,0.1085972850678733,0.9882449998112405
123,0.0,0.10935143288084465,0.988234325216747
124,0.0,0.11010558069381599,0.9881322668641266
125,0.0,0.11085972850678733,0.9880850850970817
126,0.0,0.11161387631975868,0.9879598285012311
127,0.0,0.11236802413273002,0.9879220911062199
128,0.0,0.11312217194570136,0.9878466092374883
129,0.0,0.1138763197586727,0.9878176753984851
130,0.0,0.11463046757164404,0.9877636128639493
131,0.0,0.11538461538461539,0.9877065197612601
132,0.0,0.11613876319758673,0.9876919840619787
133,0.0,0.11689291101055807,0.9876589011014048
134,0.0,0.11764705882352941,0.9876556672242753
135,0.0,0.11840120663650075,0.987541791757958
136,0.0,0.1191553544494721,0.9875243312366596
137,0.0,0.11990950226244344,0.9874723726198888
138,0.0,0.12066365007541478,0.9874608597248119
139,0.0,0.12141779788838612,0.9874065559239942
140,0.0,0.12217194570135746,0.9873935321757543
141,0.0,0.1229260935143288,0.9873925825827697
142,0.0,0.12368024132730016,0.9873278563667681
143,0.0,0.1244343891402715,0.9873019625578467
144,0.0,0.12518853695324283,0.9872801883655208
145,0.0,0.12594268476621417,0.9872470435270114
146,0.0,0.12669683257918551,0.987232461313442
147,0.0,0.1282051282051282,0.9872154013824496
148,0.0,0.12895927601809956,0.9871835191621714
149,0.0,0.1297134238310709,0.9871757644296277
150,0.0,0.13046757164404224,0.987135026547586
151,0.0,0.13197586726998492,0.9871091198364302
152,0.0,0.13273001508295626,0.9871069447704521
153,0.0,0.1334841628959276,0.9870881904603876
154,0.0,0.13423831070889894,0.987077974356985
155,0.0,0.13499245852187028,0.9870542970230136
156,0.0,0.13574660633484162,0.9869994111543877
157,0.0,0.13650075414781296,0.9869898252117023
158,0.0,0.13725490196078433,0.986972996456
159,0.0,0.13800904977375567,0.9869505247247614
160,0.0,0.138763197586727,0.9868858977346306
161,0.0,0.13951734539969834,0.9868666745838865
162,0.0,0.14027149321266968,0.9868054310548225
163,0.0,0.14102564102564102,0.9867982698351828
164,0.0,0.14177978883861236,0.9867892009714543
165,0.0,0.1425339366515837,0.9867560639458525
166,0.0,0.14328808446455504,0.9866704732979601
167,0.0,0.14404223227752638,0.9866149050951664
168,0.0,0.14479638009049775,0.9865737754276506
169,0.0,0.1455505279034691,0.9865237631986528
170,0.0,0.14630467571644043,0.9865144969877201
171,0.0,0.14705882352941177,0.986502053614429
172,0.0,0.1478129713423831,0.9864519431878666
173,0.0,0.1493212669683258,0.9864316508452766
174,0.0,0.15007541478129713,0.9863489901452684
175,0.0,0.15082956259426847,0.9862483040219885
176,0.0,0.1515837104072398,0.9862414297470473
177,0.0,0.15233785822021115,0.986230355321137
178,0.0,0.15309200603318251,0.9862209012471965
179,0.0,0.15384615384615385,0.9861754623444553
180,0.0,0.1546003016591252,0.986169979528567
181,0.0,0.15535444947209653,0.9861236348628424
182,0.0,0.15610859728506787,0.986102182386965
183,0.0,0.15761689291101055,0.9860705410974833
184,0.0,0.1583710407239819,0.9860531952799204
185,0.0,0.16063348416289594,0.9860084497815298
186,0.0,0.16214177978883862,0.9859984408657269
187,0.0,0.16289592760180996,0.9859896573344838
188,0.0,0.1636500754147813,0.9859463898983417
189,0.0,0.16440422322775264,0.9858854601216783
190,0.0,0.16515837104072398,0.9858837798141252
191,0.0,0.16591251885369532,0.9858764228553707
192,0.0,0.16666666666666666,0.9858354709646773
193,0.0,0.167420814479638,0.9857997013363229
194,0.0,0.16817496229260936,0.9857812856465837
195,0.0,0.1689291101055807,0.9857126693132694
196,0.0,0.16968325791855204,0.9856531587771329
197,0.0,0.17043740573152338,0.9855853220979678
198,0.0,0.17119155354449472,0.9855714314221043
199,0.0,0.17194570135746606,0.9855634730877325
200,0.0,0.1726998491704374,0.9855210996507459
201,0.0,0.17345399698340874,0.985493887141505
202,0.0,0.17420814479638008,0.9854866223701718
203,0.0,0.17496229260935142,0.9853594320339791
204,0.0,0.17571644042232276,0.9853358974712312
205,0.0,0.17722473604826547,0.9853280834839377
206,0.0,0.1779788838612368,0.9852657795791959
207,0.0,0.17873303167420815,0.9852614511487711
208,0.0,0.1794871794871795,0.9852283953131153
209,0.0,0.18024132730015083,0.9852024392846122
210,0.0,0.18099547511312217,0.985180414946707
211,0.0,0.1817496229260935,0.9851733981688802
212,0.0,0.18250377073906485,0.9851084579114241
213,0.0,0.1832579185520362,0.98507884351066
214,0.0,0.18401206636500755,0.9850086000650363
215,0.0,0.1847662141779789,0.9849888195199547
216,0.0,0.1870286576168929,0.9849875629311491
217,0.0,0.18778280542986425,0.9849554387594609
218,0.0,0.1885369532428356,0.9849468590612
219,0.0,0.18929110105580693,0.9849391556866416
220,0.0,0.19004524886877827,0.9849103068974109
221,0.0,0.1907993966817496,0.9848831478524919
222,0.0,0.19155354449472098,0.9848551751742742
223,0.0,0.19230769230769232,0.9848394903134285
224,0.0,0.193815987933635,0.9848298325613463
225,0.0,0.19457013574660634,0.9848258572065252
226,0.0,0.19532428355957768,0.984804594983259
227,0.0,0.19607843137254902,0.9847008282040635
228,0.0,0.19683257918552036,0.9846987106320401
229,0.0,0.1975867269984917,0.984665358445924
230,0.0,0.19834087481146304,0.9846608439016729
231,0.0,0.19909502262443438,0.9845616672408883
232,0.0,0.19984917043740574,0.9845336583915006
233,0.0,0.20060331825037708,0.9845232842448579
234,0.0,0.20135746606334842,0.9844989201516732
235,0.0,0.20211161387631976,0.9844647260084606
236,0.0,0.2028657616892911,0.9844185712894207
237,0.0,0.20361990950226244,0.984411782718939
238,0.0,0.20437405731523378,0.9844027408965341
239,0.0,0.20512820512820512,0.9843973822695375
240,0.0,0.20588235294117646,0.9843514826032194
241,0.0,0.20739064856711917,0.9843060974866606
242,0.0,0.2081447963800905,0.9842591445592774
243,0.0,0.20889894419306185,0.9842579865208997
244,0.0,0.2096530920060332,0.9842282565835633
245,0.0,0.21040723981900453,0.9842281578648937
246,0.0,0.21116138763197587,0.9842245940756748
247,0.0,0.2119155354449472,0.9842186435492477
248,0.0,0.21266968325791855,0.9840885681407716
249,0.0,0.21342383107088989,0.9840453780644771
250,0.0,0.21417797888386123,0.9840028031036516
251,0.0,0.2149321266968326,0.9839980351882592
252,0.0,0.21568627450980393,0.9838593958779525
253,0.0,0.21644042232277527,0.9838590642930695
254,0.0,0.2171945701357466,0.9838272719036594
255,0.0,0.21794871794871795,0.9838114881403933
256,0.0,0.2187028657616893,0.9837974065292612
257,0.0,0.21945701357466063,0.9837627559731082
258,0.0,0.22021116138763197,0.9836941454999939
259,0.0,0.2209653092006033,0.9836845667658258
260,0.0,0.22171945701357465,0.9836671517229676
261,0.0,0.22322775263951736,0.9835967733143386
262,0.0,0.2239819004524887,0.983556225113492
263,0.0,0.22473604826546004,0.9835151141936037
264,0.0,0.22549019607843138,0.9834532847418629
265,0.0,0.22624434389140272,0.983406200298601
266,0.0,0.22699849170437406,0.9834030329529837
267,0.0,0.2277526395173454,0.9833706218884866
268,0.0,0.22850678733031674,0.9833071512500976
269,0.0,0.22926093514328807,0.9832560690252727
270,0.0,0.23001508295625941,0.9832425812596821
271,0.0,0.23152337858220212,0.9832044226632753
272,0.0,0.23227752639517346,0.9831596399376343
273,0.0,0.2330316742081448,0.9830827276918682
274,0.0,0.23378582202111614,0.9830691098062422
275,0.0,0.23453996983408748,0.9830655769272392
276,0.0,0.23529411764705882,0.9830201429022273
277,0.0,0.23604826546003016,0.9829849336842043
278,0.0,0.2368024132730015,0.9829031306768997
279,0.0,0.23755656108597284,0.9828629925907022
280,0.0,0.2383107088989442,0.9827868530410144
281,0.0,0.23906485671191555,0.9826964609955469
282,0.0,0.2398190045248869,0.9826961381645508
283,0.0,0.24057315233785823,0.9826339502500329
284,0.0,0.24132730015082957,0.9825862787719283
285,0.0,0.2420814479638009,0.9825801525602067
286,0.0,0.24283559577677225,0.9825499579263252
287,0.0,0.24358974358974358,0.9824907431907736
288,0.0,0.24434389140271492,0.9824843886069925
289,0.0,0.24509803921568626,0.9824841743692547
290,0.0,0.2458521870286576,0.9824665224364444
291,0.0,0.24660633484162897,0.9824549275053558
292,0.0,0.2473604826546003,0.9824045291026784
293,0.0,0.24811463046757165,0.9823286312562332
294,0.0,0.248868778280543,0.9822942981456164
295,0.0,0.24962292609351433,0.9822453583052544
296,0.0,0.25037707390648567,0.9821911279175889
297,0.0,0.25188536953242835,0.9821747723222928
298,0.0,0.2526395173453997,0.9820503446901337
299,0.0,0.25339366515837103,0.9819489716440656
300,0.0,0.2549019607843137,0.9819380911127584
301,0.0,0.25565610859728505,0.9818509770333607
302,0.0,0.2564102564102564,0.9818183275017597
303,0.006024096385542169,0.2564102564102564,0.981812027321865
304,0.006024096385542169,0.2571644042232277,0.9817546395358767
305,0.006024096385542169,0.2579185520361991,0.9817220279324722
306,0.006024096385542169,0.2647058823529412,0.9816669150326186
307,0.006024096385542169,0.2654600301659125,0.9816641906509627
308,0.006024096385542169,0.26621417797888386,0.9816482427386785
309,0.006024096385542169,0.2669683257918552,0.9816400396374402
310,0.006024096385542169,0.26772247360482654,0.9816164182760335
311,0.006024096385542169,0.2684766214177979,0.9815731244165952
312,0.006024096385542169,0.2692307692307692,0.9815719621143345
313,0.006024096385542169,0.26998491704374056,0.981571134334336
314,0.006024096385542169,0.2722473604826546,0.9815610901176174
315,0.006024096385542169,0.2730015082956259,0.9814929914951382
316,0.006024096385542169,0.2737556561085973,0.9814679958895872
317,0.006024096385542169,0.27450980392156865,0.9814655994466525
318,0.006024096385542169,0.27526395173454,0.981424400770303
319,0.006024096385542169,0.27601809954751133,0.9814221304018987
320,0.006024096385542169,0.27677224736048267,0.9813881305737864
321,0.006024096385542169,0.277526395173454,0.9813467483623702
322,0.006024096385542169,0.27828054298642535,0.9813207033767141
323,0.006024096385542169,0.2790346907993967,0.9813046889421286
324,0.006024096385542169,0.27978883861236803,0.9812998861525686
325,0.006024096385542169,0.28054298642533937,0.9812719239146519
326,0.006024096385542169,0.2812971342383107,0.9812431177648707
327,0.006024096385542169,0.28205128205128205,0.9811971042951835
328,0.006024096385542169,0.28355957767722473,0.9811926086946787
329,0.006024096385542169,0.28431372549019607,0.981145479062025
330,0.006024096385542169,0.2850678733031674,0.9811345194043862
331,0.006024096385542169,0.28582202111613875,0.9811209758834428
332,0.006024096385542169,0.2865761689291101,0.9811173276057094
333,0.006024096385542169,0.2873303167420814,0.981088138256821
334,0.006024096385542169,0.28808446455505277,0.9810339624813654
335,0.006024096385542169,0.2888386123680241,0.9810119436875018
336,0.006024096385542169,0.29034690799396684,0.9809612545080131
337,0.006024096385542169,0.2911010558069382,0.980938208324518
338,0.012048192771084338,0.2911010558069382,0.980861762733878
339,0.012048192771084338,0.2918552036199095,0.9808246210060648
340,0.012048192771084338,0.29260935143288086,0.980812565413285
341,0.012048192771084338,0.2933634992458522,0.9807952231548583
342,0.012048192771084338,0.2948717948717949,0.9807301275268958
343,0.012048192771084338,0.29638009049773756,0.9807206524042645
344,0.012048192771084338,0.2971342383107089,0.9807145045759388
345,0.012048192771084338,0.29788838612368024,0.9807130663577895
346,0.012048192771084338,0.2986425339366516,0.9806992364136751
347,0.012048192771084338,0.30015082956259426,0.9806659111967359
348,0.012048192771084338,0.3009049773755656,0.980663391578012
349,0.012048192771084338,0.30165912518853694,0.980634641817101
350,0.012048192771084338,0.3024132730015083,0.980626296536084
351,0.012048192771084338,0.3031674208144796,0.980598545524821
352,0.012048192771084338,0.30392156862745096,0.9805874000049523
353,0.012048192771084338,0.3046757164404223,0.9805505149831688
354,0.012048192771084338,0.30618401206636503,0.9805218829705616
355,0.012048192771084338,0.30693815987933637,0.9805136551744612
356,0.012048192771084338,0.3076923076923077,0.9804877874407082
357,0.012048192771084338,0.30844645550527905,0.9804095804354463
358,0.012048192771084338,0.3092006033182504,0.9803866081008642
359,0.012048192771084338,0.30995475113122173,0.9803510185488684
360,0.012048192771084338,0.31070889894419307,0.9802851098892539
361,0.012048192771084338,0.31221719457013575,0.9802666773440898
362,0.012048192771084338,0.3129713423831071,0.9801889816501416
363,0.018072289156626505,0.3129713423831071,0.9801662305218076
364,0.018072289156626505,0.3137254901960784,0.9801184792116838
365,0.018072289156626505,0.31447963800904977,0.9799885021105785
366,0.018072289156626505,0.3152337858220211,0.9799858112365223
367,0.018072289156626505,0.31825037707390647,0.9799201854377728
368,0.018072289156626505,0.3190045248868778,0.9799139350140049
369,0.018072289156626505,0.31975867269984914,0.9799121764862269
370,0.018072289156626505,0.32051282051282054,0.9798636825853926
371,0.018072289156626505,0.3212669683257919,0.9798360233956765
372,0.018072289156626505,0.3220211161387632,0.9796947554204188
373,0.018072289156626505,0.32277526395173456,0.9795969018459814
374,0.018072289156626505,0.3235294117647059,0.9795498803087861
375,0.018072289156626505,0.32428355957767724,0.97951175433822
376,0.018072289156626505,0.3250377073906486,0.9794691800692055
377,0.018072289156626505,0.3257918552036199,0.9794335037212516
378,0.018072289156626505,0.32654600301659126,0.979346721111213
379,0.018072289156626505,0.3273001508295626,0.9793458648398332
380,0.018072289156626505,0.32805429864253394,0.9793022681143798
381,0.018072289156626505,0.3288084464555053,0.9792441232930158
382,0.018072289156626505,0.3295625942684766,0.9791315157067657
383,0.018072289156626505,0.33031674208144796,0.9790782781218463
384,0.018072289156626505,0.3310708898944193,0.9790658663334496
385,0.018072289156626505,0.33182503770739064,0.9790523439810668
386,0.018072289156626505,0.332579185520362,0.9789978262119579
387,0.018072289156626505,0.3333333333333333,0.9789783293550298
388,0.018072289156626505,0.334841628959276,0.978921869621354
389,0.018072289156626505,0.33559577677224733,0.9789153731210415
390,0.018072289156626505,0.33634992458521873,0.978893564954915
391,0.018072289156626505,0.3378582202111614,0.9788909840321656
392,0.018072289156626505,0.33861236802413275,0.978836887153032
393,0.018072289156626505,0.3393665158371041,0.9787920417900452
394,0.018072289156626505,0.3401206636500754,0.9787775678082394
395,0.018072289156626505,0.34087481146304677,0.9787436559539276
396,0.018072289156626505,0.3416289592760181,0.9786291834358684
397,0.018072289156626505,0.34238310708898945,0.9785740585933455
398,0.018072289156626505,0.3431372549019608,0.9785533499728511
399,0.018072289156626505,0.3438914027149321,0.9785331373041858
400,0.018072289156626505,0.3453996983408748,0.9785162417922098
401,0.018072289156626505,0.34615384615384615,0.9785127893373045
402,0.018072289156626505,0.3469079939668175,0.9784956288268927
403,0.018072289156626505,0.3476621417797888,0.9784630567972439
404,0.018072289156626505,0.34841628959276016,0.9784440935276166
405,0.018072289156626505,0.3491704374057315,0.9784189739853884
406,0.018072289156626505,0.3506787330316742,0.9784071952847888
407,0.018072289156626505,0.3514328808446455,0.9783894735987618
408,0.018072289156626505,0.3521870286576169,0.9783351888667174
409,0.018072289156626505,0.35294117647058826,0.9782405304648474
410,0.018072289156626505,0.3536953242835596,0.9782078181031901
411,0.018072289156626505,0.35444947209653094,0.9781689754733276
412,0.018072289156626505,0.3552036199095023,0.9781186255463243
413,0.018072289156626505,0.3559577677224736,0.9781118427725226
414,0.018072289156626505,0.3574660633484163,0.9780956425615639
415,0.018072289156626505,0.35822021116138764,0.9780828838702503
416,0.018072289156626505,0.3597285067873303,0.9780415233606671
417,0.018072289156626505,0.3627450980392157,0.9780283602903048
418,0.018072289156626505,0.3650075414781297,0.9779858595607894
419,0.018072289156626505,0.36576168929110103,0.9779678556764011
420,0.018072289156626505,0.3665158371040724,0.9779401900018132
421,0.018072289156626505,0.36726998491704377,0.9779152422287837
422,0.018072289156626505,0.3680241327300151,0.9779149861018225
423,0.018072289156626505,0.36877828054298645,0.977902005169209
424,0.018072289156626505,0.3695324283559578,0.9778920000637944
425,0.018072289156626505,0.3702865761689291,0.9778905620736336
426,0.018072289156626505,0.37104072398190047,0.9778760326829768
427,0.018072289156626505,0.3717948717948718,0.9778722656366089
428,0.018072289156626505,0.3733031674208145,0.9778155569903332
429,0.018072289156626505,0.3740573152337858,0.9777529544681913
430,0.018072289156626505,0.37481146304675717,0.977713546305458
431,0.018072289156626505,0.3755656108597285,0.9776967401970743
432,0.018072289156626505,0.37631975867269984,0.9776740102404461
433,0.018072289156626505,0.3770739064856712,0.9776557414708238
434,0.018072289156626505,0.3778280542986425,0.9776520688810635
435,0.018072289156626505,0.37858220211161386,0.9776277606881442
436,0.018072289156626505,0.3793363499245852,0.977577527409676
437,0.018072289156626505,0.38009049773755654,0.9775526301556714
438,0.018072289156626505,0.3808446455505279,0.9775358374269792
439,0.018072289156626505,0.38235294117647056,0.9775019925687176
440,0.018072289156626505,0.38310708898944196,0.9773500155530052
441,0.018072289156626505,0.3838612368024133,0.9773188249150929
442,0.024096385542168676,0.3838612368024133,0.9772429150952604
443,0.024096385542168676,0.38461538461538464,0.977203261441148
444,0.024096385542168676,0.385369532428356,0.9771639299200194
445,0.024096385542168676,0.3861236802413273,0.9771056042807169
446,0.024096385542168676,0.38763197586727,0.9770067281461327
447,0.024096385542168676,0.38838612368024134,0.976923839609506
448,0.024096385542168676,0.3891402714932127,0.9769100223580708
449,0.024096385542168676,0.3914027149321267,0.9769064513002386
450,0.024096385542168676,0.39215686274509803,0.9769036765504113
451,0.024096385542168676,0.3929110105580694,0.976786798826308
452,0.024096385542168676,0.3936651583710407,0.9767737974932529
453,0.024096385542168676,0.3951734539969834,0.9767380660858453
454,0.030120481927710843,0.39819004524886875,0.976701284193534
455,0.030120481927710843,0.39894419306184015,0.9766687634046073
456,0.030120481927710843,0.3996983408748115,0.9765637636710568
457,0.030120481927710843,0.4004524886877828,0.976533389753869
458,0.030120481927710843,0.40120663650075417,0.9764285608582042
459,0.030120481927710843,0.4019607843137255,0.9763730520388019
460,0.030120481927710843,0.40271493212669685,0.9762004031296593
461,0.030120481927710843,0.4034690799396682,0.9761923262537153
462,0.030120481927710843,0.4042232277526395,0.9761393419813752
463,0.030120481927710843,0.40497737556561086,0.9760465857292242
464,0.030120481927710843,0.4057315233785822,0.9760133700662835
465,0.030120481927710843,0.40648567119155354,0.9759693912756477
466,0.030120481927710843,0.40874811463046756,0.9759578353808378
467,0.030120481927710843,0.4117647058823529,0.9759434539608791
468,0.030120481927710843,0.41251885369532426,0.9759373368963924
469,0.030120481927710843,0.4132730015082956,0.9757911771369687
470,0.030120481927710843,0.41402714932126694,0.9757556392172244
471,0.030120481927710843,0.41478129713423834,0.9756991414577516
472,0.030120481927710843,0.4155354449472097,0.9756882292721059
473,0.030120481927710843,0.416289592760181,0.9756274695380022
474,0.030120481927710843,0.41704374057315236,0.9755834196209042
475,0.030120481927710843,0.4177978883861237,0.9754721932758684
476,0.030120481927710843,0.41855203619909503,0.9754332740537227
477,0.030120481927710843,0.4193061840120664,0.9753910894096325
478,0.030120481927710843,0.4200603318250377,0.9753743354445213
479,0.030120481927710843,0.42081447963800905,0.9753073106717117
480,0.030120481927710843,0.42232277526395173,0.9752409237040444
481,0.030120481927710843,0.4230769230769231,0.9752274543734147
482,0.030120481927710843,0.4238310708898944,0.9751509389539856
483,0.030120481927710843,0.42458521870286575,0.975118313928509
484,0.030120481927710843,0.4253393665158371,0.9750407909780872
485,0.030120481927710843,0.42609351432880843,0.9750108156194658
486,0.030120481927710843,0.42684766214177977,0.9749730484903696
487,0.030120481927710843,0.4276018099547511,0.9749594059377302
488,0.03614457831325301,0.42835595776772245,0.974958093110542
489,0.03614457831325301,0.4291101055806938,0.974951906351672
490,0.03614457831325301,0.4298642533936652,0.9747768303854272
491,0.03614457831325301,0.4306184012066365,0.9747178381112515
492,0.03614457831325301,0.43137254901960786,0.9747107056916217
493,0.03614457831325301,0.4321266968325792,0.9746323485138614
494,0.03614457831325301,0.43288084464555054,0.9745783134538349
495,0.03614457831325301,0.4336349924585219,0.974559086231855
496,0.03614457831325301,0.4343891402714932,0.974524517776527
497,0.03614457831325301,0.43514328808446456,0.9744262324879714
498,0.03614457831325301,0.4358974358974359,0.974351668798855
499,0.03614457831325301,0.43665158371040724,0.974343526362275
500,0.03614457831325301,0.4374057315233786,0.9743398279075873
501,0.03614457831325301,0.4381598793363499,0.9742947688038106
502,0.03614457831325301,0.43891402714932126,0.9742208891373548
503,0.03614457831325301,0.4396681749622926,0.9741883578177261
504,0.03614457831325301,0.44042232277526394,0.9741726024395928
505,0.03614457831325301,0.4411764705882353,0.97416819891816
506,0.04216867469879518,0.44268476621417796,0.9741668360447598
507,0.04216867469879518,0.4434389140271493,0.974053079548994
508,0.04216867469879518,0.44419306184012064,0.9739458919872952
509,0.04216867469879518,0.4457013574660634,0.9739321681483585
510,0.04216867469879518,0.4464555052790347,0.9738949715563454
511,0.04216867469879518,0.44720965309200605,0.9737828879882168
512,0.04216867469879518,0.4479638009049774,0.9737779125864826
513,0.04216867469879518,0.44871794871794873,0.9737672405388069
514,0.04216867469879518,0.4494720965309201,0.9737223686907469
515,0.04216867469879518,0.45098039215686275,0.973702714660899
516,0.04216867469879518,0.4517345399698341,0.9735793330611155
517,0.04216867469879518,0.45248868778280543,0.9735521561937566
518,0.04216867469879518,0.45324283559577677,0.9735401319784612
519,0.04216867469879518,0.4539969834087481,0.9734997347956514
520,0.04216867469879518,0.4555052790346908,0.9734057567493148
521,0.04216867469879518,0.45625942684766213,0.9733875667727614
522,0.04216867469879518,0.45701357466063347,0.9732926833885988
523,0.04216867469879518,0.4577677224736048,0.9732003468596878
524,0.04216867469879518,0.45852187028657615,0.9731634967204765
525,0.04216867469879518,0.4592760180995475,0.973097168441571
526,0.04216867469879518,0.46003016591251883,0.9726553366406168
527,0.04216867469879518,0.46078431372549017,0.9726307786701777
528,0.04216867469879518,0.46153846153846156,0.9725948490517854
529,0.04216867469879518,0.4622926093514329,0.9725820786433091
530,0.04216867469879518,0.46304675716440424,0.9724738496038225
531,0.04216867469879518,0.4638009049773756,0.9723642984980272
532,0.04819277108433735,0.4638009049773756,0.9720602182851347
533,0.04819277108433735,0.4645550527903469,0.9720107303897728
534,0.04819277108433735,0.46530920060331826,0.9720056042113466
535,0.04819277108433735,0.4660633484162896,0.9719005274951206
536,0.04819277108433735,0.46681749622926094,0.9718184342683858
537,0.04819277108433735,0.4675716440422323,0.971794800713103
538,0.04819277108433735,0.4683257918552036,0.9717266300409029
539,0.04819277108433735,0.46907993966817496,0.9716630862922515
540,0.04819277108433735,0.4698340874811463,0.9715897714830077
541,0.05421686746987952,0.4698340874811463,0.9715283474198395
542,0.05421686746987952,0.47058823529411764,0.9714876576225063
543,0.05421686746987952,0.4720965309200603,0.9714699094086919
544,0.05421686746987952,0.47285067873303166,0.9713695644312174
545,0.05421686746987952,0.473604826546003,0.9712788896052402
546,0.05421686746987952,0.47435897435897434,0.971219423164487
547,0.05421686746987952,0.4751131221719457,0.9711678249439574
548,0.05421686746987952,0.475867269984917,0.9711605455500308
549,0.05421686746987952,0.4766214177978884,0.9711307966623116
550,0.05421686746987952,0.47737556561085975,0.9711278662363082
551,0.05421686746987952,0.4781297134238311,0.9710597110799041
552,0.05421686746987952,0.47888386123680243,0.9709390449934914
553,0.05421686746987952,0.4796380090497738,0.9706555269773466
554,0.05421686746987952,0.4803921568627451,0.9706201268298629
555,0.05421686746987952,0.48114630467571645,0.9705110168437645
556,0.05421686746987952,0.4819004524886878,0.9704994362877571
557,0.05421686746987952,0.48265460030165913,0.9704014071217661
558,0.05421686746987952,0.48340874811463047,0.9703670904979734
559,0.05421686746987952,0.4841628959276018,0.9703336397827553
560,0.05421686746987952,0.48491704374057315,0.9702627832925472
561,0.05421686746987952,0.4856711915535445,0.9702356365194282
562,0.05421686746987952,0.48642533936651583,0.970209032809205
563,0.05421686746987952,0.48717948717948717,0.9702063388007374
564,0.05421686746987952,0.4879336349924585,0.969996201859888
565,0.05421686746987952,0.48868778280542985,0.9699807466598426
566,0.05421686746987952,0.4894419306184012,0.969951147474408
567,0.05421686746987952,0.49019607843137253,0.9698740429081534
568,0.05421686746987952,0.49095022624434387,0.9698357155374834
569,0.05421686746987952,0.4917043740573152,0.9697488109717858
570,0.05421686746987952,0.4924585218702866,0.9696551930345637
571,0.05421686746987952,0.49321266968325794,0.9696217559276036
572,0.05421686746987952,0.4939668174962293,0.969600370666027
573,0.05421686746987952,0.4947209653092006,0.9695799468967456
574,0.05421686746987952,0.49547511312217196,0.9695701667185783
575,0.05421686746987952,0.4962292609351433,0.9694266935226874
576,0.05421686746987952,0.49698340874811464,0.9694038315012683
577,0.05421686746987952,0.497737556561086,0.9692126658678705
578,0.05421686746987952,0.4984917043740573,0.9691751148860859
579,0.05421686746987952,0.49924585218702866,0.9691588379158975
580,0.060240963855421686,0.49924585218702866,0.9691049716086658
581,0.060240963855421686,0.5,0.9690995009789074
582,0.060240963855421686,0.5007541478129713,0.9689845686908741
583,0.060240963855421686,0.5015082956259427,0.968982234665377
584,0.060240963855421686,0.502262443438914,0.9689523789159276
585,0.060240963855421686,0.5030165912518854,0.9689280382798093
586,0.060240963855421686,0.5037707390648567,0.9689119959564692
587,0.060240963855421686,0.504524886877828,0.9687178683599282
588,0.060240963855421686,0.5052790346907994,0.9684484706304026
589,0.060240963855421686,0.5060331825037707,0.9684348955219758
590,0.060240963855421686,0.5067873303167421,0.9683753733666349
591,0.060240963855421686,0.5075414781297134,0.9682556618163599
592,0.06626506024096386,0.5113122171945701,0.9681963481182532
593,0.06626506024096386,0.5120663650075414,0.9681509159229634
594,0.06626506024096386,0.5128205128205128,0.9681249852030923
595,0.06626506024096386,0.5135746606334841,0.9681068616967345
596,0.06626506024096386,0.5143288084464555,0.9680945357597696
597,0.06626506024096386,0.5150829562594268,0.9678139355168385
598,0.06626506024096386,0.5158371040723982,0.9676929521198944
599,0.06626506024096386,0.5165912518853696,0.9676031360891679
600,0.06626506024096386,0.5173453996983409,0.9674863637753093
601,0.06626506024096386,0.5180995475113123,0.9672768062662819
602,0.06626506024096386,0.5188536953242836,0.9672128088416877
603,0.07228915662650602,0.5188536953242836,0.9669506438356664
604,0.07228915662650602,0.5196078431372549,0.9668981589633757
605,0.07228915662650602,0.5203619909502263,0.9668412186002212
606,0.07228915662650602,0.5211161387631976,0.9668314889376397
607,0.07228915662650602,0.521870286576169,0.9667764662857088
608,0.07228915662650602,0.5226244343891403,0.966579938896751
609,0.07228915662650602,0.5233785822021116,0.9662908163414228
610,0.07228915662650602,0.524132730015083,0.9658919793246573
611,0.07228915662650602,0.5248868778280543,0.9658258901954953
612,0.07228915662650602,0.5256410256410257,0.9656338098044962
613,0.07228915662650602,0.526395173453997,0.9655641371878521
614,0.07228915662650602,0.5271493212669683,0.9655445993046657
615,0.07228915662650602,0.5279034690799397,0.9655013231574844
616,0.07228915662650602,0.528657616892911,0.9653312818134882
617,0.07228915662650602,0.5294117647058824,0.9652831322525238
618,0.07228915662650602,0.5301659125188537,0.9652376656419606
619,0.07228915662650602,0.530920060331825,0.9650437186652128
620,0.07228915662650602,0.5316742081447964,0.964819371360369
621,0.07228915662650602,0.5324283559577677,0.9646922211368221
622,0.07228915662650602,0.5331825037707391,0.9646907773114889
623,0.07228915662650602,0.5339366515837104,0.9645995728261101
624,0.0783132530120482,0.5339366515837104,0.9645506874507445
625,0.0783132530120482,0.5346907993966817,0.9644953689977622
626,0.0783132530120482,0.5354449472096531,0.9644604194116762
627,0.0783132530120482,0.5361990950226244,0.9643892223540778
628,0.0783132530120482,0.5369532428355958,0.9642823558600524
629,0.0783132530120482,0.5377073906485671,0.963931804886525
630,0.08433734939759036,0.5377073906485671,0.9638461097996146
631,0.08433734939759036,0.5384615384615384,0.963790379064141
632,0.08433734939759036,0.5392156862745098,0.9637809578267408
633,0.08433734939759036,0.5399698340874811,0.9636992759738267
634,0.08433734939759036,0.5407239819004525,0.9636109893178981
635,0.08433734939759036,0.5414781297134238,0.9635591945895499
636,0.08433734939759036,0.5422322775263951,0.9632967609300002
637,0.08433734939759036,0.5429864253393665,0.963029100360519
638,0.08433734939759036,0.5437405731523378,0.9630075705231508
639,0.09036144578313253,0.5437405731523378,0.9629630470910854
640,0.09036144578313253,0.5444947209653092,0.9628243672718297
641,0.09036144578313253,0.5452488687782805,0.9626792839488854
642,0.09036144578313253,0.5460030165912518,0.9625144295863732
643,0.09036144578313253,0.5467571644042232,0.9624186518458244
644,0.09036144578313253,0.5475113122171946,0.9623260020388207
645,0.09036144578313253,0.548265460030166,0.9621120548784496
646,0.09036144578313253,0.5490196078431373,0.9621079264863345
647,0.09036144578313253,0.5497737556561086,0.961963513254514
648,0.09036144578313253,0.55052790346908,0.9619087688721164
649,0.09036144578313253,0.5512820512820513,0.9618759604736319
650,0.09036144578313253,0.5520361990950227,0.9614887342457024
651,0.09036144578313253,0.552790346907994,0.9614818108476494
652,0.09036144578313253,0.5535444947209653,0.9612711976894477
653,0.09036144578313253,0.5542986425339367,0.961200766729619
654,0.09036144578313253,0.555052790346908,0.9611488360127356
655,0.09036144578313253,0.5558069381598794,0.9610845295262151
656,0.09036144578313253,0.5565610859728507,0.9608282378992843
657,0.09036144578313253,0.557315233785822,0.9608210303831314
658,0.09036144578313253,0.5580693815987934,0.9606673807920428
659,0.09036144578313253,0.5588235294117647,0.9605739998605155
660,0.09036144578313253,0.5595776772247361,0.9604242220217394
661,0.09036144578313253,0.5603318250377074,0.9604060234429095
662,0.09036144578313253,0.5610859728506787,0.9603038227343701
663,0.09036144578313253,0.5618401206636501,0.9602825430454077
664,0.09036144578313253,0.5625942684766214,0.9602393854967277
665,0.09036144578313253,0.5633484162895928,0.959469084336526
666,0.09036144578313253,0.5641025641025641,0.959428572377622
667,0.09036144578313253,0.5648567119155354,0.9593851551035592
668,0.09036144578313253,0.5656108597285068,0.959324341030134
669,0.09036144578313253,0.5663650075414781,0.9590030953468199
670,0.09036144578313253,0.5671191553544495,0.958991093598184
671,0.09036144578313253,0.5678733031674208,0.9589599305261968
672,0.09036144578313253,0.5686274509803921,0.9589393155089083
673,0.09036144578313253,0.5693815987933635,0.9588775448396287
674,0.09036144578313253,0.5701357466063348,0.9588621161113834
675,0.09036144578313253,0.5708898944193062,0.9586044464699033
676,0.09036144578313253,0.5716440422322775,0.9585271719972615
677,0.09036144578313253,0.5723981900452488,0.9584436221912812
678,0.09036144578313253,0.5731523378582202,0.9583816996055879
679,0.09036144578313253,0.5739064856711915,0.9582345933126968
680,0.09036144578313253,0.5746606334841629,0.9581373748326375
681,0.09036144578313253,0.5754147812971342,0.9578651991716941
682,0.09036144578313253,0.5761689291101055,0.9578416063839815
683,0.09036144578313253,0.5769230769230769,0.9578268719436821
684,0.09036144578313253,0.5776772247360482,0.9577928953907657
685,0.09036144578313253,0.5784313725490197,0.9577564678667698
686,0.0963855421686747,0.5784313725490197,0.9576089976425781
687,0.0963855421686747,0.579185520361991,0.9575090053386772
688,0.0963855421686747,0.5799396681749623,0.9574662781562608
689,0.0963855421686747,0.5806938159879337,0.9574513988705333
690,0.0963855421686747,0.581447963800905,0.9573804461032298
691,0.0963855421686747,0.5822021116138764,0.9573682043629969
692,0.0963855421686747,0.5829562594268477,0.9573510965901874
693,0.0963855421686747,0.583710407239819,0.9573408555314986
694,0.0963855421686747,0.5844645550527904,0.9573042021592552
695,0.0963855421686747,0.5852187028657617,0.9573002710693493
696,0.0963855421686747,0.5859728506787331,0.9571134911191235
697,0.0963855421686747,0.5867269984917044,0.9571122471213136
698,0.0963855421686747,0.5874811463046757,0.957037759172192
699,0.0963855421686747,0.5882352941176471,0.9570095819153598
700,0.10240963855421686,0.5882352941176471,0.9567966561830763
701,0.10240963855421686,0.5889894419306184,0.9565448000416762
702,0.10240963855421686,0.5897435897435898,0.9561633623978784
703,0.10240963855421686,0.5904977375565611,0.9560691604646703
704,0.10240963855421686,0.5912518853695324,0.9559716911367678
705,0.10240963855421686,0.5920060331825038,0.955941852603469
706,0.10240963855421686,0.5927601809954751,0.955858942129413
707,0.10240963855421686,0.5935143288084465,0.9558471831669466
708,0.10240963855421686,0.5942684766214178,0.9558387003420683
709,0.10240963855421686,0.5950226244343891,0.9556837517645185
710,0.10240963855421686,0.5957767722473605,0.955596736981872
711,0.10240963855421686,0.5965309200603318,0.955575543725716
712,0.10240963855421686,0.5972850678733032,0.9553885097844432
713,0.10240963855421686,0.5980392156862745,0.9550860837449284
714,0.10240963855421686,0.5987933634992458,0.9550110492829353
715,0.10240963855421686,0.5995475113122172,0.9549730033747285
716,0.10240963855421686,0.6003016591251885,0.9548635839775986
717,0.10240963855421686,0.6010558069381599,0.954787092424143
718,0.10240963855421686,0.6018099547511312,0.9547576411656401
719,0.10240963855421686,0.6025641025641025,0.9546395954033726
720,0.10240963855421686,0.6033182503770739,0.954331009832187
721,0.10240963855421686,0.6040723981900452,0.954057259636345
722,0.10240963855421686,0.6048265460030166,0.9540416752536316
723,0.10240963855421686,0.6055806938159879,0.9540106592393996
724,0.10240963855421686,0.6108597285067874,0.9536285983412522
725,0.10843373493975904,0.6108597285067874,0.9535952550230673
726,0.10843373493975904,0.6116138763197587,0.9534818792961485
727,0.10843373493975904,0.6123680241327301,0.9534407038464535
728,0.10843373493975904,0.6131221719457014,0.9534166554963004
729,0.10843373493975904,0.6138763197586727,0.9531105041709454
730,0.10843373493975904,0.6146304675716441,0.9528064184058818
731,0.10843373493975904,0.6153846153846154,0.9524646359237232
732,0.10843373493975904,0.6161387631975868,0.9521845188460919
733,0.10843373493975904,0.6168929110105581,0.9520440740620564
734,0.10843373493975904,0.6176470588235294,0.9513271848741038
735,0.10843373493975904,0.6184012066365008,0.9511694368767446
736,0.10843373493975904,0.6191553544494721,0.9511283217370613
737,0.10843373493975904,0.6199095022624435,0.9510675886162678
738,0.10843373493975904,0.6206636500754148,0.9509986192486454
739,0.10843373493975904,0.6214177978883861,0.9508032306523486
740,0.10843373493975904,0.6221719457013575,0.9504220483532396
741,0.10843373493975904,0.6229260935143288,0.9501467024307202
742,0.10843373493975904,0.6236802413273002,0.95013074900986
743,0.1144578313253012,0.6236802413273002,0.9500305742535866
744,0.1144578313253012,0.6244343891402715,0.9499427801579622
745,0.1144578313253012,0.6259426847662142,0.9498653624668144
746,0.1144578313253012,0.6266968325791855,0.9497298224857278
747,0.1144578313253012,0.6274509803921569,0.9496558871603612
748,0.1144578313253012,0.6282051282051282,0.9496475846188457
749,0.1144578313253012,0.6289592760180995,0.9496055768550793
750,0.1144578313253012,0.6297134238310709,0.9491865824714714
751,0.1144578313253012,0.6304675716440422,0.9491857919485128
752,0.1144578313253012,0.6312217194570136,0.9491784632474062
753,0.1144578313253012,0.6319758672699849,0.9491161818428394
754,0.1144578313253012,0.6327300150829562,0.9490661056320553
755,0.1144578313253012,0.6334841628959276,0.9488953770762578
756,0.1144578313253012,0.6342383107088989,0.9488801672578185
757,0.12048192771084337,0.6342383107088989,0.9486497791430591
758,0.12048192771084337,0.6349924585218703,0.9486138511188498
759,0.12048192771084337,0.6357466063348416,0.9485797480364042
760,0.12048192771084337,0.6365007541478129,0.9481424635332911
761,0.12048192771084337,0.6372549019607843,0.948016182093099
762,0.12048192771084337,0.6380090497737556,0.9476583008812706
763,0.12048192771084337,0.638763197586727,0.9473050465667667
764,0.12048192771084337,0.6395173453996983,0.9470667185134161
765,0.12048192771084337,0.6402714932126696,0.9470594615212043
766,0.12048192771084337,0.6410256410256411,0.9469033835871083
767,0.12048192771084337,0.6417797888386124,0.9467930073461526
768,0.12048192771084337,0.6425339366515838,0.9466376273157706
769,0.12048192771084337,0.6432880844645551,0.9464507132585296
770,0.12048192771084337,0.6440422322775264,0.9463692282593954
771,0.12048192771084337,0.6447963800904978,0.9460301352791857
772,0.12048192771084337,0.6455505279034691,0.9458113307496593
773,0.12048192771084337,0.6463046757164405,0.9457099449217894
774,0.12048192771084337,0.6470588235294118,0.9456798335390237
775,0.12048192771084337,0.6478129713423831,0.9456328567238285
776,0.12048192771084337,0.6485671191553545,0.9454849501667715
777,0.12048192771084337,0.6493212669683258,0.9453058456049633
778,0.12048192771084337,0.6500754147812972,0.945271893922231
779,0.12048192771084337,0.6508295625942685,0.9451170046190267
780,0.12048192771084337,0.6515837104072398,0.9446375766352817
781,0.12048192771084337,0.6523378582202112,0.9445929250858667
782,0.12048192771084337,0.6530920060331825,0.9441978661817062
783,0.12048192771084337,0.6538461538461539,0.9441409963961063
784,0.12048192771084337,0.6546003016591252,0.944089815959621
785,0.12048192771084337,0.6553544494720965,0.9439219387997387
786,0.12048192771084337,0.6561085972850679,0.9438609760800496
787,0.12048192771084337,0.6568627450980392,0.9436469521463098
788,0.12048192771084337,0.6576168929110106,0.9432541914887146
789,0.12048192771084337,0.6583710407239819,0.9431721782315466
790,0.12048192771084337,0.6591251885369532,0.9427116243182027
791,0.12650602409638553,0.6591251885369532,0.942553477611243
792,0.12650602409638553,0.6598793363499246,0.9425479197091872
793,0.12650602409638553,0.6606334841628959,0.9424144497561233
794,0.12650602409638553,0.6613876319758673,0.9419684923492178
795,0.12650602409638553,0.6621417797888386,0.9418240265866107
796,0.12650602409638553,0.6628959276018099,0.9415947514922104
797,0.12650602409638553,0.665158371040724,0.9415685273919435
798,0.12650602409638553,0.6659125188536953,0.9415533734171259
799,0.12650602409638553,0.6666666666666666,0.9411972434323146
800,0.12650602409638553,0.667420814479638,0.9411264291545683
801,0.12650602409638553,0.6681749622926093,0.9408637062494289
802,0.12650602409638553,0.6689291101055806,0.9406994652913048
803,0.12650602409638553,0.669683257918552,0.940339891255549
804,0.12650602409638553,0.6704374057315233,0.9403070768271856
805,0.12650602409638553,0.6711915535444947,0.9401931837073598
806,0.12650602409638553,0.6719457013574661,0.939696669751997
807,0.12650602409638553,0.6726998491704375,0.9396674857617761
808,0.12650602409638553,0.6734539969834088,0.9395831489806064
809,0.12650602409638553,0.6742081447963801,0.9395591605459667
810,0.12650602409638553,0.6749622926093515,0.9393526010366497
811,0.12650602409638553,0.6757164404223228,0.939349212965474
812,0.12650602409638553,0.6764705882352942,0.9392831445791776
813,0.12650602409638553,0.6772247360482655,0.9387061137288271
814,0.12650602409638553,0.6779788838612368,0.9386420463658628
815,0.12650602409638553,0.6787330316742082,0.9386124879125046
816,0.12650602409638553,0.6794871794871795,0.9384395555385393
817,0.12650602409638553,0.6802413273001509,0.9382516959286863
818,0.12650602409638553,0.6809954751131222,0.9378233574622287
819,0.12650602409638553,0.6817496229260935,0.9377868122419828
820,0.12650602409638553,0.6825037707390649,0.9377811590366553
821,0.13253012048192772,0.6825037707390649,0.936655817361343
822,0.13253012048192772,0.6832579185520362,0.9366215198174805
823,0.13253012048192772,0.6840120663650076,0.9364013463728904
824,0.13253012048192772,0.6847662141779789,0.9362731715544429
825,0.13253012048192772,0.6855203619909502,0.9361092418243182
826,0.13253012048192772,0.6862745098039216,0.9359560582615188
827,0.13253012048192772,0.6870286576168929,0.9358799807339845
828,0.13253012048192772,0.6877828054298643,0.9357694735245823
829,0.13253012048192772,0.6885369532428356,0.9353126997380264
830,0.13253012048192772,0.6892911010558069,0.9347516245420604
831,0.13253012048192772,0.6900452488687783,0.9346307988455281
832,0.13253012048192772,0.6907993966817496,0.9343968367570272
833,0.13253012048192772,0.691553544494721,0.9342452574801257
834,0.13253012048192772,0.6923076923076923,0.9339946429310942
835,0.13253012048192772,0.6930618401206636,0.9333091360652471
836,0.13253012048192772,0.693815987933635,0.9329867815811079
837,0.13253012048192772,0.6945701357466063,0.9328552737468531
838,0.13253012048192772,0.6953242835595776,0.9327218228276786
839,0.13253012048192772,0.696078431372549,0.9325704511958348
840,0.13253012048192772,0.6968325791855203,0.9325318148777357
841,0.13253012048192772,0.6975867269984917,0.9324167003102483
842,0.13253012048192772,0.698340874811463,0.9322630173415423
843,0.13253012048192772,0.6990950226244343,0.9321608276111547
844,0.13253012048192772,0.6998491704374057,0.931815609360118
845,0.13253012048192772,0.700603318250377,0.9316559270182843
846,0.13253012048192772,0.7013574660633484,0.9315043460226957
847,0.13253012048192772,0.7021116138763197,0.9311765089409996
848,0.13253012048192772,0.702865761689291,0.9311604505150322
849,0.13253012048192772,0.7036199095022625,0.9309743277039931
850,0.13253012048192772,0.7043740573152338,0.930645744088263
851,0.13253012048192772,0.7051282051282052,0.9305232267685476
852,0.13253012048192772,0.7058823529411765,0.930509590292703
853,0.13253012048192772,0.7066365007541479,0.9304534664422043
854,0.13253012048192772,0.7073906485671192,0.9301168466189899
855,0.13253012048192772,0.7081447963800905,0.9300347836335219
856,0.13253012048192772,0.7088989441930619,0.9298102245989728
857,0.13253012048192772,0.7096530920060332,0.929708619820178
858,0.13253012048192772,0.7104072398190046,0.9295383009270747
859,0.13253012048192772,0.7111613876319759,0.9293663321586649
860,0.13253012048192772,0.7119155354449472,0.9288295493214342
861,0.13253012048192772,0.7126696832579186,0.9286328030050093
862,0.13253012048192772,0.7134238310708899,0.9285670051056681
863,0.13253012048192772,0.7141779788838613,0.9282212062855402
864,0.13253012048192772,0.7149321266968326,0.9280793516963725
865,0.13253012048192772,0.7156862745098039,0.928046629478783
866,0.13253012048192772,0.7164404223227753,0.9277338962789479
867,0.13253012048192772,0.7171945701357466,0.9276224466708023
868,0.13253012048192772,0.717948717948718,0.9270342428180495
869,0.13253012048192772,0.7187028657616893,0.9266942668918402
870,0.13253012048192772,0.7194570135746606,0.9265963148555458
871,0.13253012048192772,0.720211161387632,0.9264355702034304
872,0.13253012048192772,0.7209653092006033,0.9261398713166838
873,0.13253012048192772,0.7217194570135747,0.9259607601193518
874,0.13253012048192772,0.722473604826546,0.9254458375426634
875,0.13253012048192772,0.7232277526395173,0.9247963709531632
876,0.13253012048192772,0.7239819004524887,0.9245799954210875
877,0.13253012048192772,0.7254901960784313,0.9245483818343369
878,0.13253012048192772,0.7262443438914027,0.9242440706326103
879,0.13253012048192772,0.726998491704374,0.9218209828647419
880,0.13855421686746988,0.726998491704374,0.9214356489697413
881,0.13855421686746988,0.7277526395173454,0.9207791394976322
882,0.13855421686746988,0.7285067873303167,0.9206182650374133
883,0.14457831325301204,0.7285067873303167,0.9198629628043181
884,0.14457831325301204,0.729260935143288,0.9192094826054907
885,0.14457831325301204,0.7300150829562594,0.9190012725007748
886,0.14457831325301204,0.7307692307692307,0.9187552339733657
887,0.14457831325301204,0.7315233785822021,0.9184068762849688
888,0.14457831325301204,0.7322775263951734,0.9181959914613328
889,0.14457831325301204,0.7330316742081447,0.917579156211746
890,0.14457831325301204,0.7352941176470589,0.917194822157817
891,0.14457831325301204,0.7360482654600302,0.9171896934923228
892,0.14457831325301204,0.7368024132730016,0.9160377289917265
893,0.14457831325301204,0.7375565610859729,0.9160247596091634
894,0.14457831325301204,0.7383107088989442,0.9158637459746222
895,0.14457831325301204,0.7405731523378583,0.9150991373944994
896,0.14457831325301204,0.7413273001508296,0.915073075150438
897,0.14457831325301204,0.7420814479638009,0.915055728304232
898,0.14457831325301204,0.7428355957767723,0.9146805162778943
899,0.14457831325301204,0.7435897435897436,0.914598521302507
900,0.15060240963855423,0.7435897435897436,0.9143086104943409
901,0.15060240963855423,0.744343891402715,0.913718667415771
902,0.15060240963855423,0.7450980392156863,0.9133397441390769
903,0.1566265060240964,0.7450980392156863,0.9130237237486085
904,0.1566265060240964,0.7458521870286576,0.9128713526669814
905,0.16265060240963855,0.7458521870286576,0.9128651981321237
906,0.16265060240963855,0.746606334841629,0.9128524350496475
907,0.16265060240963855,0.7473604826546003,0.9128000083566893
908,0.1686746987951807,0.7473604826546003,0.9127053792617592
909,0.1686746987951807,0.7481146304675717,0.9125616726576548
910,0.1686746987951807,0.748868778280543,0.9122159565468256
911,0.1686746987951807,0.7496229260935143,0.9122139877006248
912,0.1746987951807229,0.7496229260935143,0.9121599379660137
913,0.18072289156626506,0.7496229260935143,0.912036193329052
914,0.18072289156626506,0.7503770739064857,0.9120041544441715
915,0.18072289156626506,0.751131221719457,0.9116471836317505
916,0.18072289156626506,0.7518853695324283,0.9113857395989805
917,0.18674698795180722,0.7518853695324283,0.9113282347141174
918,0.1927710843373494,0.7518853695324283,0.9112830675201083
919,0.1927710843373494,0.7526395173453997,0.9107954539776605
920,0.1927710843373494,0.753393665158371,0.9107289356925559
921,0.1927710843373494,0.7541478129713424,0.9100481037702443
922,0.19879518072289157,0.7541478129713424,0.9099954130733666
923,0.19879518072289157,0.7549019607843137,0.9095969405049603
924,0.19879518072289157,0.755656108597285,0.9093569598160075
925,0.20481927710843373,0.755656108597285,0.9092572473257382
926,0.20481927710843373,0.7564102564102564,0.9091483583395532
927,0.20481927710843373,0.7571644042232277,0.9088932087101691
928,0.20481927710843373,0.7579185520361991,0.9087612799783906
929,0.20481927710843373,0.7586726998491704,0.9087290646326434
930,0.20481927710843373,0.7594268476621417,0.9069316486141832
931,0.20481927710843373,0.7601809954751131,0.9069134941510316
932,0.20481927710843373,0.7609351432880844,0.9066927398270247
933,0.21084337349397592,0.7609351432880844,0.9065306431635493
934,0.21084337349397592,0.7616892911010558,0.906132853321107
935,0.21084337349397592,0.7624434389140271,0.9058554053241298
936,0.21084337349397592,0.7631975867269984,0.9057951633387669
937,0.21686746987951808,0.7631975867269984,0.9057733613610914
938,0.21686746987951808,0.7639517345399698,0.9048290942514312
939,0.21686746987951808,0.7647058823529411,0.9047130892594064
940,0.21686746987951808,0.7654600301659125,0.9046257076063045
941,0.21686746987951808,0.7662141779788839,0.9045302741821042
942,0.21686746987951808,0.7669683257918553,0.9044180138986643
943,0.21686746987951808,0.7677224736048266,0.9043506838967901
944,0.21686746987951808,0.7684766214177979,0.9032192068405516
945,0.21686746987951808,0.7692307692307693,0.9032180587866103
946,0.21686746987951808,0.7699849170437406,0.9032025389387894
947,0.21686746987951808,0.770739064856712,0.9030805784105724
948,0.21686746987951808,0.7714932126696833,0.9025169679269813
949,0.21686746987951808,0.7722473604826546,0.9024551763459683
950,0.21686746987951808,0.773001508295626,0.9024051425068959
951,0.21686746987951808,0.7737556561085973,0.9023421106520062
952,0.21686746987951808,0.7745098039215687,0.9022012991597804
953,0.22289156626506024,0.7745098039215687,0.9019276332689787
954,0.22289156626506024,0.77526395173454,0.901904272143805
955,0.22289156626506024,0.7760180995475113,0.9015721353421198
956,0.22289156626506024,0.7767722473604827,0.9013956502669087
957,0.22289156626506024,0.777526395173454,0.9008894326269797
958,0.2289156626506024,0.777526395173454,0.9007562826190478
959,0.2289156626506024,0.7782805429864253,0.8997366635638437
960,0.2289156626506024,0.7790346907993967,0.8993645590007118
961,0.2289156626506024,0.779788838612368,0.899301687306936
962,0.2289156626506024,0.7805429864253394,0.8986633594906012
963,0.2289156626506024,0.7812971342383107,0.8985874885239237
964,0.23493975903614459,0.7812971342383107,0.8984785917407643
965,0.23493975903614459,0.782051282051282,0.897873759008642
966,0.23493975903614459,0.7828054298642534,0.8969755687579208
967,0.23493975903614459,0.7835595776772247,0.8966025644761257
968,0.23493975903614459,0.7843137254901961,0.8956509764284425
969,0.23493975903614459,0.7850678733031674,0.8953727024138758
970,0.24096385542168675,0.7850678733031674,0.8951138722552169
971,0.24096385542168675,0.7858220211161387,0.8950499659695484
972,0.24096385542168675,0.7865761689291101,0.8947324805332202
973,0.24096385542168675,0.7873303167420814,0.8946838053906445
974,0.24096385542168675,0.7880844645550528,0.8945634757944212
975,0.24096385542168675,0.7888386123680241,0.8945427769434146
976,0.24096385542168675,0.7895927601809954,0.8934901360094415
977,0.24096385542168675,0.7903469079939668,0.893290126914782
978,0.24096385542168675,0.7911010558069381,0.8923592030133964
979,0.24096385542168675,0.7918552036199095,0.8917390053152345
980,0.24096385542168675,0.7926093514328808,0.891569395717822
981,0.24096385542168675,0.7933634992458521,0.8910798496217817
982,0.24096385542168675,0.7941176470588235,0.8908385732467747
983,0.24096385542168675,0.7948717948717948,0.8907220661058814
984,0.2469879518072289,0.7948717948717948,0.8903998114789651
985,0.2469879518072289,0.7963800904977375,0.8901283800443096
986,0.2469879518072289,0.797134238310709,0.8901104523526794
987,0.2469879518072289,0.7978883861236803,0.8899552327360263
988,0.2469879518072289,0.7986425339366516,0.88993168755725
989,0.2469879518072289,0.799396681749623,0.8893145415326622
990,0.2469879518072289,0.8001508295625943,0.8886751553216274
991,0.25301204819277107,0.8001508295625943,0.8876329737706463
992,0.25301204819277107,0.8009049773755657,0.8871922756504458
993,0.25301204819277107,0.801659125188537,0.886509755522146
994,0.25301204819277107,0.8024132730015083,0.8859467191280446
995,0.25301204819277107,0.803921568627451,0.8857200392061172
996,0.25301204819277107,0.8046757164404224,0.8849854290554522
997,0.25301204819277107,0.8054298642533937,0.8845424529451698
998,0.25301204819277107,0.806184012066365,0.8842126959893848
999,0.25301204819277107,0.8069381598793364,0.8832775385941257
1000,0.25301204819277107,0.8076923076923077,0.8832744793702352
1001,0.25903614457831325,0.8076923076923077,0.8831681819482863
1002,0.25903614457831325,0.808446455505279,0.8831615279559273
1003,0.25903614457831325,0.8092006033182504,0.8827604356185279
1004,0.25903614457831325,0.8099547511312217,0.8825359450266165
1005,0.25903614457831325,0.8107088989441931,0.8823252481890478
1006,0.25903614457831325,0.8114630467571644,0.8822071827990818
1007,0.25903614457831325,0.8122171945701357,0.8821116240049369
1008,0.25903614457831325,0.8129713423831071,0.8819742960146644
1009,0.25903614457831325,0.8137254901960784,0.8812154078060472
1010,0.25903614457831325,0.8144796380090498,0.8803157858863473
1011,0.25903614457831325,0.8152337858220211,0.8793552574401291
1012,0.25903614457831325,0.8159879336349924,0.8792934441705544
1013,0.25903614457831325,0.8167420814479638,0.8792434970339239
1014,0.25903614457831325,0.8174962292609351,0.8779001574251383
1015,0.25903614457831325,0.8182503770739065,0.8770720462903253
1016,0.25903614457831325,0.8190045248868778,0.8769947463685606
1017,0.25903614457831325,0.8197586726998491,0.8767767741974197
1018,0.25903614457831325,0.8205128205128205,0.87651567802718
1019,0.25903614457831325,0.8212669683257918,0.8763213375013034
1020,0.25903614457831325,0.8220211161387632,0.8759636585595332
1021,0.25903614457831325,0.8227752639517345,0.8757798314193621
1022,0.25903614457831325,0.8235294117647058,0.8753583620000523
1023,0.26506024096385544,0.8235294117647058,0.874812236041159
1024,0.26506024096385544,0.8242835595776772,0.8745480392248304
1025,0.26506024096385544,0.8250377073906485,0.8740459289819644
1026,0.26506024096385544,0.8257918552036199,0.8737144898478071
1027,0.26506024096385544,0.8265460030165912,0.8735765135665162
1028,0.26506024096385544,0.8273001508295625,0.8734204999024542
1029,0.26506024096385544,0.8280542986425339,0.8728536672096165
1030,0.26506024096385544,0.8288084464555053,0.871559387318928
1031,0.26506024096385544,0.8295625942684767,0.8712368360925418
1032,0.26506024096385544,0.830316742081448,0.8703303078803704
1033,0.26506024096385544,0.8310708898944194,0.8692575436848459
1034,0.2710843373493976,0.8310708898944194,0.8688183512247843
1035,0.27710843373493976,0.8310708898944194,0.8653685433569116
1036,0.27710843373493976,0.8318250377073907,0.8650162616224067
1037,0.27710843373493976,0.832579185520362,0.8646869188556723
1038,0.27710843373493976,0.8333333333333334,0.8638624849756328
1039,0.27710843373493976,0.8340874811463047,0.8636509069702378
1040,0.27710843373493976,0.834841628959276,0.8628451088742249
1041,0.27710843373493976,0.8355957767722474,0.8606861201303556
1042,0.28313253012048195,0.8355957767722474,0.8606116113650957
1043,0.28313253012048195,0.8363499245852187,0.8605111726077167
1044,0.28313253012048195,0.8371040723981901,0.8595653217383662
1045,0.28313253012048195,0.8378582202111614,0.8592242765588092
1046,0.2891566265060241,0.8378582202111614,0.8576542928001316
1047,0.2891566265060241,0.8386123680241327,0.8566154766405665
1048,0.2891566265060241,0.8393665158371041,0.8553720988801082
1049,0.2891566265060241,0.8401206636500754,0.8551975423850969
1050,0.29518072289156627,0.8401206636500754,0.855168839748531
1051,0.29518072289156627,0.8408748114630468,0.8547706253305178
1052,0.29518072289156627,0.8416289592760181,0.8542661890819452
1053,0.29518072289156627,0.8423831070889894,0.8542463831351328
1054,0.29518072289156627,0.8431372549019608,0.8536445125469763
1055,0.29518072289156627,0.8438914027149321,0.8526481811997657
1056,0.30120481927710846,0.8438914027149321,0.8526180054380672
1057,0.30120481927710846,0.8446455505279035,0.8525133185835088
1058,0.30120481927710846,0.8453996983408748,0.8517617242642557
1059,0.30120481927710846,0.8461538461538461,0.8516282888367201
1060,0.30120481927710846,0.8469079939668175,0.8513866954452217
1061,0.30120481927710846,0.8476621417797888,0.8513130933110256
1062,0.30120481927710846,0.8484162895927602,0.8504767666119661
1063,0.30120481927710846,0.8491704374057315,0.8494810630287157
1064,0.3072289156626506,0.8491704374057315,0.8493361051389275
1065,0.3132530120481928,0.8491704374057315,0.8486251772027
1066,0.3132530120481928,0.8499245852187028,0.8485506035058081
1067,0.3132530120481928,0.8506787330316742,0.8472699966566781
1068,0.3132530120481928,0.8514328808446455,0.8470529161901914
1069,0.3132530120481928,0.8521870286576169,0.8465140405014356
1070,0.3132530120481928,0.8529411764705882,0.8462912153977304
1071,0.3192771084337349,0.8529411764705882,0.8461192160048651
1072,0.3253012048192771,0.8529411764705882,0.8460896934539377
1073,0.3253012048192771,0.8536953242835595,0.8456416659833772
1074,0.3253012048192771,0.8544494720965309,0.8453238968299166
1075,0.3253012048192771,0.8552036199095022,0.8451619841675693
1076,0.3253012048192771,0.8559577677224736,0.8448080490605593
1077,0.3253012048192771,0.8567119155354449,0.8441387794726171
1078,0.3313253012048193,0.8567119155354449,0.8437890351134286
1079,0.3313253012048193,0.8574660633484162,0.843229150526234
1080,0.3313253012048193,0.8582202111613876,0.84254004299642
1081,0.3373493975903614,0.8582202111613876,0.8417879064543398
1082,0.3433734939759036,0.8582202111613876,0.841686618881831
1083,0.3433734939759036,0.8589743589743589,0.8416314927729013
1084,0.3493975903614458,0.8589743589743589,0.8414438959747443
1085,0.3493975903614458,0.8597285067873304,0.8404711592702641
1086,0.3493975903614458,0.8604826546003017,0.8402662144780426
1087,0.3493975903614458,0.861236802413273,0.8367391448751863
1088,0.3493975903614458,0.8619909502262444,0.8356976535640596
1089,0.3493975903614458,0.8627450980392157,0.8356631386669477
1090,0.3493975903614458,0.8634992458521871,0.8350438724442597
1091,0.3493975903614458,0.8642533936651584,0.8337987576226862
1092,0.3493975903614458,0.8650075414781297,0.8329011618317546
1093,0.3493975903614458,0.8657616892911011,0.8328720988915121
1094,0.3493975903614458,0.8665158371040724,0.8324291257647342
1095,0.3493975903614458,0.8672699849170438,0.8320816141915675
1096,0.3493975903614458,0.8680241327300151,0.8314894140822114
1097,0.3493975903614458,0.8687782805429864,0.8310695654024103
1098,0.35542168674698793,0.8687782805429864,0.8295425757275684
1099,0.3614457831325301,0.8687782805429864,0.8287388015906625
1100,0.3674698795180723,0.8687782805429864,0.828672538337673
1101,0.37349397590361444,0.8687782805429864,0.8276943358880515
1102,0.37349397590361444,0.8695324283559578,0.8276776307466811
1103,0.37349397590361444,0.8702865761689291,0.8274487035657274
1104,0.37349397590361444,0.8710407239819005,0.8235658492997874
1105,0.37349397590361444,0.8717948717948718,0.8228226469493576
1106,0.3795180722891566,0.8717948717948718,0.8224843892595408
1107,0.3855421686746988,0.8717948717948718,0.8218900415305064
1108,0.3855421686746988,0.8725490196078431,0.8216127948114786
1109,0.3855421686746988,0.8733031674208145,0.8202553658001879
1110,0.39156626506024095,0.8733031674208145,0.8202308403722748
1111,0.39156626506024095,0.8740573152337858,0.820152778278766
1112,0.39156626506024095,0.8748114630467572,0.8177706802353968
1113,0.39156626506024095,0.8755656108597285,0.8161910817131942
1114,0.39156626506024095,0.8763197586726998,0.8155880245060695
1115,0.39759036144578314,0.8763197586726998,0.815518761162753
1116,0.39759036144578314,0.8770739064856712,0.814923252023478
1117,0.39759036144578314,0.8778280542986425,0.8148556485323983
1118,0.39759036144578314,0.8785822021116139,0.8141991484707312
1119,0.39759036144578314,0.8793363499245852,0.8115444840446399
1120,0.39759036144578314,0.8800904977375565,0.8115387957506089
1121,0.4036144578313253,0.8800904977375565,0.8101552126508211
1122,0.4036144578313253,0.8808446455505279,0.8094442102082634
1123,0.4036144578313253,0.8815987933634992,0.8077950177802804
1124,0.4036144578313253,0.8823529411764706,0.806832639490941
1125,0.4036144578313253,0.8831070889894419,0.8062312635423994
1126,0.4036144578313253,0.8838612368024132,0.8051822068090386
1127,0.4036144578313253,0.8846153846153846,0.8031275482051485
1128,0.4036144578313253,0.8853695324283559,0.801775733124357
1129,0.4036144578313253,0.8861236802413273,0.8015858008400327
1130,0.4036144578313253,0.8868778280542986,0.8010334682175881
1131,0.4036144578313253,0.8876319758672699,0.8004671587807494
1132,0.4036144578313253,0.8883861236802413,0.7998104203771316
1133,0.40963855421686746,0.8883861236802413,0.7997843248498353
1134,0.40963855421686746,0.8891402714932126,0.7990947631180848
1135,0.40963855421686746,0.889894419306184,0.798569096422644
1136,0.40963855421686746,0.8906485671191554,0.7971961649246518
1137,0.40963855421686746,0.8914027149321267,0.7945064792717496
1138,0.40963855421686746,0.8921568627450981,0.7939302371901159
1139,0.40963855421686746,0.8929110105580694,0.7930895021301481
1140,0.41566265060240964,0.8929110105580694,0.7929385693678535
1141,0.41566265060240964,0.8936651583710408,0.7915110420318361
1142,0.41566265060240964,0.8944193061840121,0.7899194056177132
1143,0.42168674698795183,0.8944193061840121,0.789371789446667
1144,0.42771084337349397,0.8944193061840121,0.7890239525728849
1145,0.42771084337349397,0.8951734539969834,0.7883589659408294
1146,0.42771084337349397,0.8959276018099548,0.7876348523678804
1147,0.42771084337349397,0.8966817496229261,0.7875514095048282
1148,0.42771084337349397,0.8974358974358975,0.786809050318214
1149,0.43373493975903615,0.8974358974358975,0.7865735947326666
1150,0.43373493975903615,0.8981900452488688,0.7861245514142194
1151,0.43373493975903615,0.8989441930618401,0.7860702239768983
1152,0.43373493975903615,0.8996983408748115,0.785998571875063
1153,0.43373493975903615,0.9004524886877828,0.7844824639736246
1154,0.43373493975903615,0.9012066365007542,0.7840071251431315
1155,0.43373493975903615,0.9019607843137255,0.7836370043531052
1156,0.4397590361445783,0.9019607843137255,0.7827346687988931
1157,0.4457831325301205,0.9019607843137255,0.782668005881213
1158,0.4457831325301205,0.9027149321266968,0.7813064919439024
1159,0.4457831325301205,0.9034690799396682,0.780364964928399
1160,0.4457831325301205,0.9042232277526395,0.7785259187255041
1161,0.4457831325301205,0.9049773755656109,0.7784675998242574
1162,0.45180722891566266,0.9049773755656109,0.7778563448288829
1163,0.4578313253012048,0.9049773755656109,0.777820336797737
1164,0.4578313253012048,0.9057315233785822,0.777761481278361
1165,0.463855421686747,0.9057315233785822,0.7774902200628785
1166,0.463855421686747,0.9064856711915535,0.7773779295889536
1167,0.463855421686747,0.9072398190045249,0.7768186338557234
1168,0.46987951807228917,0.9072398190045249,0.7761860918562485
1169,0.46987951807228917,0.9079939668174962,0.7759068950309947
1170,0.4759036144578313,0.9079939668174962,0.774093694652447
1171,0.4819277108433735,0.9079939668174962,0.7725574192805111
1172,0.4879518072289157,0.9079939668174962,0.7723207360891782
1173,0.4879518072289157,0.9087481146304676,0.768696243623709
1174,0.4939759036144578,0.9087481146304676,0.7667176560153093
1175,0.4939759036144578,0.9095022624434389,0.7657018673336153
1176,0.4939759036144578,0.9102564102564102,0.7653475372106872
1177,0.4939759036144578,0.9110105580693816,0.7650216098081403
1178,0.4939759036144578,0.9117647058823529,0.7641187269559704
1179,0.4939759036144578,0.9125188536953243,0.7636514705302648
1180,0.4939759036144578,0.9132730015082956,0.7633883051193352
1181,0.4939759036144578,0.9140271493212669,0.7623450768768819
1182,0.4939759036144578,0.9147812971342383,0.7622412384666823
1183,0.5,0.9147812971342383,0.7622353429465023
1184,0.5060240963855421,0.9147812971342383,0.7622110434543109
1185,0.5060240963855421,0.9155354449472096,0.7621248878155277
1186,0.5060240963855421,0.916289592760181,0.7620666363811913
1187,0.5060240963855421,0.9170437405731523,0.7615191004810825
1188,0.5120481927710844,0.9170437405731523,0.7598992431345974
1189,0.5120481927710844,0.9177978883861236,0.7586076842938982
1190,0.5120481927710844,0.918552036199095,0.7582899624218163
1191,0.5120481927710844,0.9193061840120663,0.7579549862884167
1192,0.5120481927710844,0.9200603318250377,0.7569716405338058
1193,0.5120481927710844,0.920814479638009,0.7567422078148749
1194,0.5180722891566265,0.920814479638009,0.7551775416202572
1195,0.5180722891566265,0.9215686274509803,0.753772489154261
1196,0.5180722891566265,0.9223227752639518,0.753172607445062
1197,0.5240963855421686,0.9223227752639518,0.7529824285458466
1198,0.5240963855421686,0.9230769230769231,0.7525031555910273
1199,0.5240963855421686,0.9238310708898945,0.7521103305793971
1200,0.5240963855421686,0.9245852187028658,0.7512154003057581
1201,0.5301204819277109,0.9245852187028658,0.7491660327152602
1202,0.5301204819277109,0.9253393665158371,0.7488749977677231
1203,0.5301204819277109,0.9260935143288085,0.7476522340682118
1204,0.5301204819277109,0.9268476621417798,0.7475746816536989
1205,0.536144578313253,0.9268476621417798,0.7462893193460145
1206,0.536144578313253,0.9276018099547512,0.7457465006692086
1207,0.5421686746987951,0.9276018099547512,0.7452404901022917
1208,0.5421686746987951,0.9283559577677225,0.7448982038994363
1209,0.5481927710843374,0.9283559577677225,0.741837188593137
1210,0.5481927710843374,0.9291101055806938,0.7417356190084581
1211,0.5481927710843374,0.9298642533936652,0.7412136967530022
1212,0.5481927710843374,0.9306184012066365,0.7393592699514808
1213,0.5481927710843374,0.9313725490196079,0.7370070354032192
1214,0.5481927710843374,0.9321266968325792,0.7344287848177611
1215,0.5481927710843374,0.9328808446455505,0.7341670548118246
1216,0.5481927710843374,0.9336349924585219,0.7335254589165816
1217,0.5542168674698795,0.9336349924585219,0.7316966170351215
1218,0.5542168674698795,0.9343891402714932,0.7312429978767806
1219,0.5542168674698795,0.9351432880844646,0.7296242197616917
1220,0.5542168674698795,0.9358974358974359,0.729106196494909
1221,0.5542168674698795,0.9366515837104072,0.728769228062311
1222,0.5602409638554217,0.9366515837104072,0.7278055258361883
1223,0.5602409638554217,0.9374057315233786,0.7270077980467353
1224,0.5662650602409639,0.9374057315233786,0.7260310480104031
1225,0.5662650602409639,0.9381598793363499,0.7256274907155869
1226,0.572289156626506,0.9381598793363499,0.7247494982084715
1227,0.572289156626506,0.9389140271493213,0.7234843509318836
1228,0.572289156626506,0.9396681749622926,0.7226628389336196
1229,0.5783132530120482,0.9396681749622926,0.7223611991904068
1230,0.5843373493975904,0.9396681749622926,0.7215527043241803
1231,0.5843373493975904,0.9404223227752639,0.7193007093155119
1232,0.5843373493975904,0.9411764705882353,0.7190337672696155
1233,0.5903614457831325,0.9411764705882353,0.7189403323280684
1234,0.5963855421686747,0.9411764705882353,0.7179050424750257
1235,0.6024096385542169,0.9411764705882353,0.716571648688979
1236,0.6024096385542169,0.9419306184012066,0.7160308990306343
1237,0.6024096385542169,0.942684766214178,0.715607608868408
1238,0.6024096385542169,0.9434389140271493,0.715459445557906
1239,0.6024096385542169,0.9441930618401206,0.7128087867482322
1240,0.6024096385542169,0.944947209653092,0.7113489525534747
1241,0.6024096385542169,0.9457013574660633,0.7113100684243985
1242,0.6024096385542169,0.9464555052790347,0.7084682292135429
1243,0.6024096385542169,0.947209653092006,0.7082139761195413
1244,0.608433734939759,0.947209653092006,0.705003854945502
1245,0.6144578313253012,0.947209653092006,0.7042074997563683
1246,0.6204819277108434,0.947209653092006,0.7040087757518158
1247,0.6265060240963856,0.947209653092006,0.7030452713729188
1248,0.6265060240963856,0.9479638009049773,0.7028044818941142
1249,0.6325301204819277,0.9479638009049773,0.7018880917223014
1250,0.6325301204819277,0.9487179487179487,0.7010759646875889
1251,0.6385542168674698,0.9487179487179487,0.6993724979880789
1252,0.6445783132530121,0.9487179487179487,0.6991406120344958
1253,0.6445783132530121,0.94947209653092,0.6989080420375717
1254,0.6506024096385542,0.94947209653092,0.6959946640989416
1255,0.6506024096385542,0.9502262443438914,0.6934711853183411
1256,0.6566265060240963,0.9502262443438914,0.6921008205132657
1257,0.6566265060240963,0.9509803921568627,0.6910161124018184
1258,0.6566265060240963,0.951734539969834,0.6876864302458319
1259,0.6566265060240963,0.9524886877828054,0.6854287609906045
1260,0.6566265060240963,0.9532428355957768,0.6842282461553005
1261,0.6566265060240963,0.9539969834087482,0.6822221975756466
1262,0.6566265060240963,0.9547511312217195,0.6816986935912233
1263,0.6566265060240963,0.9555052790346908,0.6814843032516278
1264,0.6566265060240963,0.9562594268476622,0.6814060609579787
1265,0.6566265060240963,0.9570135746606335,0.678714360459632
1266,0.6566265060240963,0.9577677224736049,0.6780428873591952
1267,0.6566265060240963,0.9585218702865762,0.6755428130530262
1268,0.6566265060240963,0.9592760180995475,0.6718586704628373
1269,0.6626506024096386,0.9592760180995475,0.6715580863376591
1270,0.6686746987951807,0.9592760180995475,0.6698674095791515
1271,0.6746987951807228,0.9592760180995475,0.6697460909796101
1272,0.6746987951807228,0.9600301659125189,0.6681762348496819
1273,0.6807228915662651,0.9600301659125189,0.6663482699488089
1274,0.6807228915662651,0.9607843137254902,0.6658280553065807
1275,0.6867469879518072,0.9607843137254902,0.6645032017280564
1276,0.6867469879518072,0.9615384615384616,0.6639894717240808
1277,0.6927710843373494,0.9615384615384616,0.6635360895135155
1278,0.6927710843373494,0.9622926093514329,0.6634379706036141
1279,0.6927710843373494,0.9630467571644042,0.6634234221245203
1280,0.6987951807228916,0.9630467571644042,0.6631677883649316
1281,0.7048192771084337,0.9630467571644042,0.6624444479317823
1282,0.7048192771084337,0.9638009049773756,0.6616300262139262
1283,0.7048192771084337,0.9645550527903469,0.6598570203117748
1284,0.7048192771084337,0.9653092006033183,0.6588045409491609
1285,0.7108433734939759,0.9653092006033183,0.6570696809576368
1286,0.7108433734939759,0.9660633484162896,0.6551086180310237
1287,0.7168674698795181,0.9660633484162896,0.6527501461486287
1288,0.7228915662650602,0.9660633484162896,0.6522775993871285
1289,0.7228915662650602,0.9668174962292609,0.6521643097458045
1290,0.7289156626506024,0.9668174962292609,0.6497936968268578
1291,0.7289156626506024,0.9675716440422323,0.6489093608493949
1292,0.7289156626506024,0.9683257918552036,0.647894937990126
1293,0.7289156626506024,0.969079939668175,0.6368190479032443
1294,0.7349397590361446,0.969079939668175,0.6363167033724709
1295,0.7349397590361446,0.9698340874811463,0.6359674115821792
1296,0.7409638554216867,0.9698340874811463,0.6348495905926822
1297,0.7409638554216867,0.9705882352941176,0.6342055433168827
1298,0.7409638554216867,0.971342383107089,0.6340996932810721
1299,0.7469879518072289,0.971342383107089,0.6337144206921305
1300,0.7469879518072289,0.9720965309200603,0.6304523880471096
1301,0.7530120481927711,0.9720965309200603,0.6299684253145884
1302,0.7530120481927711,0.9728506787330317,0.6278710835706446
1303,0.7590361445783133,0.9728506787330317,0.6272670418588999
1304,0.7590361445783133,0.973604826546003,0.6269438741325608
1305,0.7590361445783133,0.9743589743589743,0.6263252950224969
1306,0.7590361445783133,0.9751131221719457,0.6261898926265268
1307,0.7590361445783133,0.975867269984917,0.6259943205313432
1308,0.7590361445783133,0.9766214177978884,0.6249248678145156
1309,0.7590361445783133,0.9773755656108597,0.622792993908408
1310,0.7650602409638554,0.9773755656108597,0.6185869436496616
1311,0.7710843373493976,0.9773755656108597,0.6167009567994342
1312,0.7771084337349398,0.9773755656108597,0.6109881559811149
1313,0.7831325301204819,0.9773755656108597,0.6080765182888712
1314,0.7831325301204819,0.978129713423831,0.6068607280823203
1315,0.7831325301204819,0.9788838612368024,0.6053489421297817
1316,0.7891566265060241,0.9788838612368024,0.6048544322574102
1317,0.7951807228915663,0.9788838612368024,0.604508970238232
1318,0.7951807228915663,0.9796380090497737,0.6041913164764148
1319,0.8012048192771084,0.9796380090497737,0.6038459598554315
1320,0.8072289156626506,0.9796380090497737,0.6015700768800258
1321,0.8132530120481928,0.9796380090497737,0.6009165039100931
1322,0.8132530120481928,0.9803921568627451,0.6004011978618202
1323,0.8132530120481928,0.9811463046757164,0.5980453576701571
1324,0.8132530120481928,0.9819004524886877,0.5957712625252862
1325,0.8192771084337349,0.9819004524886877,0.5953227337368489
1326,0.8192771084337349,0.9826546003016591,0.594009430166897
1327,0.8192771084337349,0.9834087481146304,0.5917437089866552
1328,0.8253012048192772,0.9834087481146304,0.589142906651798
1329,0.8313253012048193,0.9834087481146304,0.5851485488612553
1330,0.8313253012048193,0.9841628959276018,0.5818692894844295
1331,0.8313253012048193,0.9849170437405732,0.5813693276889382
1332,0.8313253012048193,0.9856711915535445,0.5808745810213677
1333,0.8313253012048193,0.9864253393665159,0.5785005397717666
1334,0.8373493975903614,0.9864253393665159,0.5762837859500716
1335,0.8373493975903614,0.9871794871794872,0.5753318074834886
1336,0.8373493975903614,0.9879336349924586,0.574520591147141
1337,0.8433734939759037,0.9879336349924586,0.5724161426099447
1338,0.8493975903614458,0.9879336349924586,0.571658584646541
1339,0.8493975903614458,0.9886877828054299,0.5694661994107271
1340,0.8554216867469879,0.9886877828054299,0.5694237658998713
1341,0.8614457831325302,0.9886877828054299,0.5663082648852062
1342,0.8674698795180723,0.9886877828054299,0.5643492860730523
1343,0.8734939759036144,0.9886877828054299,0.5629509843262198
1344,0.8795180722891566,0.9886877828054299,0.5616792355140917
1345,0.8855421686746988,0.9886877828054299,0.5605754259800082
1346,0.891566265060241,0.9886877828054299,0.5594085559442046
1347,0.8975903614457831,0.9886877828054299,0.5581022274928853
1348,0.9036144578313253,0.9886877828054299,0.5572720493468524
1349,0.9036144578313253,0.9894419306184012,0.5559011837439293
1350,0.9036144578313253,0.9901960784313726,0.5550817058346276
1351,0.9036144578313253,0.9909502262443439,0.5547312065890917
1352,0.9036144578313253,0.9917043740573153,0.5473738466279434
1353,0.9096385542168675,0.9917043740573153,0.546908993557005
1354,0.9156626506024096,0.9917043740573153,0.5444291905379626
1355,0.9156626506024096,0.9924585218702866,0.5426886331729667
1356,0.9156626506024096,0.9932126696832579,0.5415418223604113
1357,0.9216867469879518,0.9932126696832579,0.5410633379035951
1358,0.9216867469879518,0.9939668174962293,0.5382085548903022
1359,0.927710843373494,0.9939668174962293,0.5378101440051433
1360,0.9337349397590361,0.9939668174962293,0.5377132945419056
1361,0.9337349397590361,0.9947209653092006,0.5330394436066669
1362,0.9397590361445783,0.9947209653092006,0.5296446353003478
1363,0.9397590361445783,0.995475113122172,0.5293440881730824
1364,0.9397590361445783,0.9962292609351433,0.5214674701625029
1365,0.9397590361445783,0.9969834087481146,0.521279749084254
1366,0.9457831325301205,0.9969834087481146,0.5208008637394886
1367,0.9518072289156626,0.9969834087481146,0.5189298425648209
1368,0.9578313253012049,0.9969834087481146,0.5148243062509341
1369,0.963855421686747,0.9969834087481146,0.514601510204979
1370,0.9698795180722891,0.9969834087481146,0.5143120375403045
1371,0.9698795180722891,0.997737556561086,0.5134606925157982
1372,0.9759036144578314,0.997737556561086,0.5132642019094829
1373,0.9819277108433735,0.997737556561086,0.5120857505674504
1374,0.9819277108433735,0.9984917043740573,0.512008215101344
1375,0.9819277108433735,0.9992458521870287,0.5098127760034294
1376,0.9879518072289156,0.9992458521870287,0.5096023754112815
1377,0.9939759036144579,0.9992458521870287,0.5084763469343785
1378,1.0,0.9992458521870287,0.5050218765423986
1379,1.0,1.0,0.5020663769222362
